<manifest alg="2" build="10" opt="true" iceEnabled="true" iceMarkupVersion="2" exportTarget="other" resolutions="1x" timestamp="1420883611922">
  <folder name="css">
    <file name="site_global.css" crc="365011649"/>
    <file name="master_a-master.css" crc="53543745" ref="index"/>
    <file name="index.css" crc="258684768" ref="index"/>
  </folder>
  <folder name="assets">
    <file name="pavithraramamurthy_resume.pdf" crc="3795764858" mt="1420562374000"/>
  </folder>
  <folder name="scripts">
    <file name="jquery-1.8.3.min.js" crc="4164521501" ref="index"/>
    <file name="museutils.js" crc="3777594392" ref="index"/>
    <file name="pie.js" crc="3827607177" ref="index"/>
    <file name="jquery.musepolyfill.bgsize.js" crc="4259541792" ref="index"/>
    <file name="jquery.watch.js" crc="4144919381" ref="index"/>
    <file name="jquery.scrolleffects.js" crc="117544926" ref="index"/>
    <file name="jquery.musemenu.js" crc="415733523" ref="index"/>
    <file name="html5shiv.js" crc="4241844378" ref="index"/>
  </folder>
  <folder name="images">
    <file name="about.png" crc="3980061232" ref="index"/>
    <file name="resume-logo.png" crc="205036300" ref="index"/>
    <file name="resume-logo_rollover.png" crc="179079941" ref="index"/>
    <file name="mail.png" crc="17591929" ref="index"/>
    <file name="mail_rollover.png" crc="170227976" ref="index"/>
    <file name="twitter.png" crc="4270516578" ref="index"/>
    <file name="twitter_rollover.png" crc="19363187" ref="index"/>
    <file name="linkedin.png" crc="122901416" ref="index"/>
    <file name="linkedin_rollover.png" crc="9442830" ref="index"/>
    <file name="facebook.png" crc="360936095" ref="index"/>
    <file name="facebook_rollover.png" crc="100425838" ref="index"/>
    <file name="website_header_01.png" crc="4158774904" ref="index"/>
    <file name="portfolio.png" crc="529124182" ref="index"/>
    <file name="projects.png" crc="149449700" ref="index"/>
    <file name="contact.png" crc="3849557182" ref="index"/>
    <file name="plus0.png" crc="4102417173" ref="index"/>
    <file name="plus.png" crc="67428694" ref="index"/>
    <file name="penguins-poster2.png" crc="4279543983" ref="index"/>
    <file name="penguins-poster1-u969-fr.png" crc="4257401339" ref="index"/>
    <file name="short_hand2.png" crc="303780995" ref="index"/>
    <file name="short_hand2-u1134-r-fr.png" crc="4263784278" ref="index"/>
    <file name="short_hand1.png" crc="4217046486" ref="index"/>
    <file name="short_hand1-u1121-r-fr.png" crc="4141254692" ref="index"/>
    <file name="iconcam_1.png" crc="369137025" ref="index"/>
    <file name="iconcam_2-u710-r-fr.png" crc="4149612069" ref="index"/>
    <file name="iconcam_2.png" crc="4075869260" ref="index"/>
    <file name="iconcam_lense1-u1302-fr.png" crc="429443419" ref="index"/>
    <file name="iconcam_lense-u1302-r-fr.png" crc="3782902522" ref="index"/>
    <file name="centre_pic.png" crc="298683446" ref="index"/>
    <file name="centre_pic-u709-m-fr.png" crc="535529827" ref="index"/>
    <file name="dooright_pic.png" crc="435510292" ref="index"/>
    <file name="doorleft_pic.png" crc="186876575" ref="index"/>
    <file name="penguins_2-u719-fr.png" crc="3795465040" ref="index"/>
    <file name="htooth-u720-fr.png" crc="117147329" ref="index"/>
    <file name="alvinn_forweb-u721-fr.png" crc="415239160" ref="index"/>
    <file name="sofia_balancing_a_book-u722-fr.png" crc="420624265" ref="index"/>
    <file name="barb_pinkshoes2_forweb-u723-fr.png" crc="451919411" ref="index"/>
    <file name="barbie_2-u724-fr.png" crc="387189967" ref="index"/>
    <file name="mail-u1756-fr.png" crc="3951015305" ref="index"/>
    <file name="mail_rollover-u1756-r-fr.png" crc="66608945" ref="index"/>
    <file name="twitter-u1755-fr.png" crc="241080633" ref="index"/>
    <file name="twitter_rollover-u1755-r-fr.png" crc="4277980545" ref="index"/>
    <file name="linkedin-u1754-fr.png" crc="266148884" ref="index"/>
    <file name="linkedin_rollover-u1754-r-fr.png" crc="425148287" ref="index"/>
    <file name="facebook-u1753-fr.png" crc="376200124" ref="index"/>
    <file name="facebook_rollover-u1753-r-fr.png" crc="3927539364" ref="index"/>
  </folder>
  <file name="index.html" crc="3784530239" mt="1420883534446" redirect="true"/>
</manifest>